Driver,Nationality,Titles,Season(s),Season(s),Season(s),Season(s),Season(s),Season(s),Season(s)
Michael Schumacher,Germany,7,1994,1995,2000,2001,2002,2003,2004
Lewis Hamilton,United Kingdom,7,2008,2014,2015,2017,2018,2019,2020
Juan Manuel Fangio,Argentina,5,1951,1954,1955,1956,1957,,
Alain Prost,France,4,1985,1986,1989,1993,,,
Sebastian Vettel,Germany,4,2010,2011,2012,2013,,,
Jack Brabham,Australia,3,1959,1960,1966,,,,
Jackie Stewart,United Kingdom,3,1969,1971,1973,,,,
Niki Lauda,Austria,3,1975,1977,1984,,,,
Nelson Piquet,Brazil,3,1981,1983,1987,,,,
Ayrton Senna,Brazil,3,1988,1990,1991,,,,
Max Verstappen,Netherlands˜,3,2021,2022,2023,,,,
Alberto Ascari,Italy,2,1952,1953,,,,,
Graham Hill,United Kingdom,2,1962,1968,,,,,
Jim Clark,United Kingdom,2,1963,1965,,,,,
Emerson Fittipaldi,Brazil,2,1972,1974,,,,,
Mika H?kkinen,Finland,2,1998,1999,,,,,
Fernando Alonso,Spain,2,2005,2006,,,,,
Giuseppe Farina,Italy,1,1950,,,,,,
Mike Hawthorn,United Kingdom,1,1958,,,,,,
Phil Hill,United States,1,1961,,,,,,
John Surtees,United Kingdom,1,1964,,,,,,
Denny Hulme,New Zealand,1,1967,,,,,,
Jochen Rindt,Austria,1,1970,,,,,,
James Hunt,United Kingdom,1,1976,,,,,,
Mario Andretti,United States,1,1978,,,,,,
Jody Scheckter,South Africa,1,1979,,,,,,
Alan Jones,Australia,1,1980,,,,,,
Keke Rosberg,Finland,1,1982,,,,,,
Nigel Mansell,United Kingdom,1,1992,,,,,,
Damon Hill,United Kingdom,1,1996,,,,,,
Jacques Villeneuve,Canada,1,1997,,,,,,
Kimi Raikkönen,Finland,1,2007,,,,,,
Jenson Button,United Kingdom,1,2009,,,,,,
Nico Rosberg,Germany,1,2016,,,,,,